TITLE,AUTHORS,VENUE,BIBTEX,YEAR,PROJECTS_EXACT,PROJECT_CATEGORIES,NODES_EXACT,NODES_CATEGORIES,DATASOURCES,CITATIONS,CATEGORY,SUBCATEGORY
 A social network based study of software team dynamics,Subhajit Datta;Vikrant Kaulgud;Vibhu S. Sharma;Nishant Kumar,ISEC,datta2010social,2010,1,1,12,11-100,ITS,23,Developer Roles,Identification
A Comparison of Evaluation Networks and Collaboration Networks in Open Source Software Communities,Daning Hu;J. Leon Zhao,AMCIS,hu2008comparison,2008,1,1,3451,1001-10000,Other,14,Community Structure,General
A method for analyzing stakeholders’ influence on an open source software ecosystem’s requirements engineering process,Johan Linake;Björn Regnell;Daniela Damian,RE,linaaker2019method,2019,1,1,122,101-1000,ITS;VCS,2,Community Structure,General
A quantitative study of social organisation in open source software communities,Marcelo S. Zanetti;Emre Sarigol;Ingo Scholtes;Claudio J. Tessone;Frank Schweitzer,ICCSW,zanetti2012quantitative,2012,14,11-100,262.6578571,101-1000,ITS,18,Community Structure,General
A Social Network Approach to Free/Open Source Software Simulation,Patrick A. Wagstrom;James D. Herbsleb;Kathleen M. Carley,OSS,wagstrom2005social,2005,Missing,Missing,Missing,Missing,ML;Other,58,Community Structure,General
A Social Network perspective of Conway’s Law,Chintan Amrit;Jos Hillegersberg;Kuldeep Kumar,CSCW,amrit2004social,2004,NA,NA,NA,NA,Other,17,Community Structure,General
A tool for the analysis of social networks in collaborative software development,Michael Schwind;Andreas Schenk;Michael Schneider,HICSS,schwind2010tool,2010,NA,NA,NA,NA,VCS,13,Tools,Tools
A Topological Analysis of the Open Source Software Development Community,Jin Xu;Yongqin Gao;Scott Christley;Gregory Madey,HICSS,xu2005topological,2005,> 65000,>100,161961,>100000,Forge,198,Community Structure,General
Accelerating cross-project knowledge collaboration using collaborative filtering and social networks,Masao Ohira;Naoki Ohsugi;Tetsuya Ohoka;Ken-ichi Matsumoto,MSR,ohira2005accelerating,2005,90000,>100,130000,>100000,Forge,94,Tools,Tools
Actor centrality correlates to project based coordination,Liaquat Hossain;Andre Wu;Kenneth K.S. Chung,CSCW,hossain2006actor,2006,1,1,712,101-1000,ML,93,Prediction,Developers for Tasks in General
All-for-one and one-for-all?: a multi-level analysis of communication patterns and individual performance in geographically distributed software development,Kate Ehrlich;Marcelo Cataldo,CSCW,ehrlich2012all,2012,1,1,161,101-1000,ITS,56,Community Structure,Global SWE
An Automated Bug Triage Approach: A Concept Profile and Social Network Based Developer Recommendation,Tao Zhang;Byungjeong Lee,ICIC,zhang2012automated,2012,1,1,651,101-1000,ITS,28,Prediction,Bug Triage
An empirical study of FOSS developers patterns of contribution: Challenges for data linkage and analysis,Sulayman K. Sowe;Antonio Cerone;Dimitrios Settas,Science of Computer Programming,sowe2014empirical,2014,20,11-100,642,101-1000,ML;VCS,4,Community Structure,General
An empirical study of speed and communication in globally distributed software development,James D. Herbsleb;Audris Mockus,TSE,herbsleb2003empirical,2003,Missing,Missing,"145,90",101-1000,ITS;Survey,1127,Collaboration Behavior,Global SWE
An empirical study on identifying core developers using network analysis,Wen Zhang;Ye Yang;Qing Wang,EAST,zhang2012empirical,2012,1,1,33,11-100,ML,7,Developer Roles,Identification
An Exploratory Study on the Evolution of OSS Developer Communities,Kawin Ngamkajornwiwat;Dongsong Zhang;A. Gunes Koru;Lina Zhou;Robert Nolker,HICSS,ngamkajornwiwat2008exploratory,2008,1,1,383,101-1000,ML,32,Community Structure,DSN Evolution
Analysis of Coordination Between Developers and Users in the Apache Community,Yasutaka Kamei;Shinsuke Matsumoto;Hirotaka Maeshima;Yoji Onishi;Masao Ohira;Ken-ichi Matsumoto,OSS,kamei2008analysis,2008,1,1,678,101-1000,ML,21,Community Structure,General
Analysis of the social community based on the network growing model in open source software community,Takumi Ichimura;Takuya Uemoto,IWCIA,ichimura2015analysis,2015,NA,NA,NA,NA,Forge,5,Community Structure,General
Analysis of virtual communities supporting OSS projects using social network analysis,S. L. Toral;M. R. Martínez-Torres;F. Barrero,Information and Software Technology,toral2010analysis,2010,1,1,2086,1001-10000,ML,129,Community Structure,General
Analyzing and predicting software integration bugs using network analysis on requirements dependency network,Junjie Wang;Qing Wang,RE,wang2016analyzing,2016,3,2-5,Missing,Missing,Other,14,Prediction,Defect Prediction
Analyzing Developer Behavior and Community Structure in Software Crowdsourcing,Hui Zhang;Yuchuan Wu;Wenjun Wu,Information Science and Applications,zhang2015analyzing,2015,59,11-100,Missing,Missing,Forge,7,Community Structure,General
Analyzing the social ties and structure of contributors in Open Source Software community,Mohammad Y. Allaho;Wang-Chien Lee,ASONAM,allaho2013analyzing,2013,450000/2300000,>100,297000/1000000,>100000,Forge,20,Community Structure,General
Apache commits: Social network dataset,Alexander C. MacLean;Charles D. Knutson,MSR,maclean2013apache,2013,Missing,Missing,Missing,Missing,VCS,8,Datasets,Dataset
Applying Centrality Measures to the Behavior Analysis of Developers in Open Source Software Community,Peng He;Bing Li;Yuan Huang,CGC,he2012applying,2012,1,1,7065,1001-10000,Forge,14,Community Structure,General
Applying Social Network Analysis Techniques to Community-Driven Libre Software Projects,Luis Lopez-Fernandez;Gregorio Robles;Jesus M. Gonzales-Barahona;Israel Herraiz,International Journal of Information Technology and Web Engineering,lopez2008applying,2006,3,2-5,305,101-1000,VCS,83,Community Structure,General
Applying social network analysis to the information in CVS repositories,Luis Lopez-Fernandez;Gregorio Robles;Jesus M. Gonzales-Barahona,MSR,lopez2004applying,2004,3,2-5,Missing,Missing,VCS,207,Community Structure,General
Awareness in the Wild: Why Communication Breakdowns Occur,Daniela Damian;Luis Izquierdo;Janice Singer;Irwin Kwan,ICGSE,damian2007awareness,2007,1,1,Missing,Missing,Other,214,Collaboration Behavior,Problems
Boundary Spanners in Open Source Software Development,Pankajeshwara N. Sharma;Bastin T. R. Savarimuthu;Nigel Stanger,APSEC,sharma2017boundary,2017,1,1,40627,10001-100000,ML,1,Developer Roles,Identification
Bringing out collaboration in software development social networks,Taisa A. dos Santos;Renata M. de Araujo;Andrea M. Magdaleno,PROFES,dos2011bringing,2011,29,11-100,Missing,Missing,Forge,7,Community Structure,General
Can developer-module networks predict failures?,Martin Pinzger;Nachiappan Nagappan;Brendan Murphy,FSE,pinzger2008can,2008,1,1,Missing,Missing,VCS,243,Prediction,Defect Prediction
Categorizing bugs with social networks: A case study on four open source software communities,Marcelo S. Zanetti;Ingo Scholtes;Claudio J. Tessone;Frank Schweitzer,ICSE,zanetti2013categorizing,2013,4,2-5,244,101-1000,ITS,94,Prediction,Bug Triage
Changeset based developer communication to detect software failures,Braden Simpson,ICSE,simpson2013changeset,2013,1,1,Missing,Missing,ITS;VCS,6,Prediction,Defect Prediction
Classifying Developers into Core and Peripheral: An Empirical Study on Count and Network Metrics,Mitchell Joblin;Sven Apel;Claus Hunsen;Wolfgang Mauerer,ICSE,joblin2017classifying,2017,10,6-10,315,101-1000,VCS,45,Developer Roles,Identification
"Co-membership, networks ties, and knowledge flow: An empirical investigation controlling for alternative mechanisms",Gang Peng,Decision Support Systems,peng2019co,2019,308127,>100,Missing,Missing,Forge,0,Prediction,Project Outcomes
"Co-membership, Networks Ties, and OSS Success: An Investigation Controlling for Alternative Mechanisms for Knowledge Flow",Gang Peng;Feng George Yu;Yiqun Peng,HICSS,peng2018co,2018,308127,>100,Missing,Missing,Forge,0,Prediction,Project Outcomes
Codebook: discovering and exploiting relationships in software repositories,Andrew Begel;Yit P. Khoo;Thomas Zimmermann,ICSE,begel2010codebook,2010,NA,NA,NA,NA,ITS;VCS;Other,222,Collaboration Behavior,Problems
CodeSaw: A Social Visualization of Distributed Software Development,Eric Gilbert;Karrie Karahalios,HCI,gilbert2007codesaw,2007,5,2-5,Missing,Missing,ML;VCS,51,Tools,Tools
Collaboration in open-source projects: myth or reality?,Yuriy Tymchuk;Andrea Mocci;Michele Lanza,MSR,tymchuk2014collaboration,2014,1048,>100,832,101-1000,Forge,15,DSN Validity,DSN Validity
Collaboration patterns and the impact of distance on awareness in requirementscentred social networks,Daniela Damian;Sabrina Marczak;Irwin Kwan,RE,damian2007collaboration,2007,Missing,Missing,9,1-10,Survey;Other,107,Collaboration Behavior,Global SWE
Communication and personality profiles of global software developers,Sherlock A. Licorish;Stephen G. MacDonell,Information and Software Technology,licorish2015communication,2015,1,1,146,101-1000,ITS,34,Developer Roles,Identification
Communication Networks in an Open Source Software Project,Jeffrey Robertsa;Il-Horn Hann;Sandra Slaughter,OSS,robertsa2006communication,2006,1,1,453,101-1000,ML,38,Community Structure,General
Communication networks in geographically distributed software development,Marcelo Cataldo;James D. Herbsleb,CSCW,cataldo2008communication,2008,1,1,114,101-1000,Other,100,Collaboration Behavior,Global SWE
Communication patterns in geographically distributed software development and engineers' contributions to the development effort,Marcelo Cataldo;James D. Herbsleb,CHASE,cataldo2008communication1,2008,2,2-5,Missing,Missing,ITS;Survey;Other,40,Community Structure,Global SWE
Community Dynamics in Open Source Software Projects: Aging and Social Reshaping,Anna Hannemann;Ralf Klamma,OSS,hannemann2013community,2013,3,2-5,5507,1001-10000,ML;VCS,13,Community Structure,DSN Evolution
Community structure of modules in the Apache project,Joseph Feller;Brian Fitzgerald;Scott Hissam;Karim Lakhani,Workshop on Open Source Software Engineering,gonzalez2004community,2004,1,1,Missing,Missing,VCS,63,Community Structure,General
Converging Work-Talk Patterns in Online Task-Oriented Communities,Qi Xuan;Premkumar Devanbu;Vladimir Filkov,PLOS ONE,xuan2016converging,2016,14,11-100,1083,1001-10000,ML,11,Collaboration Behavior,Problems
Coordination implications of software architecture in a global software development project,Alberto Avritzer;Daniel Paulish;Yuanfang Cai;Kanwarpreet Sethi,JSS,avritzer2010coordination,2010,1,1,15,11-100,Survey,81,Community Structure,Global SWE
Core and Periphery in Free/Libre and Open Source Software Team Communications,Kevin Crowston;Kangning Wei;Qing Li;James Howison,HICSS,crowston2006core,2006,116,>100,Missing,Missing,ITS,204,Developer Roles,Identification
Correlating temporal communication patterns of the Eclipse open source community with performance and creativity,Yared H. Kidane;Peter A. Gloor,Computational and Mathematical Organization Theory,kidane2007correlating,2007,3,2-5,Missing,Missing,ML,129,Community Structure,General
DECOBA: Utilizing Developers Communities in Bug Assignment,Shadi Banitaan;Mamdouh Alenezi,ICMLA,banitaan2013decoba,2013,3,2-5,97,11-100,ITS,5,Prediction,Bug Triage
Defect prediction using social network analysis on issue repositories,Serdar Bicer;Ayse B. Bener;Bora Caglayan,ICSSP,biccer2011defect,2011,2,2-5,Missing,Missing,ITS;VCS,29,Prediction,Defect Prediction
"Design architecture, developer networks and performance of open source software projects",Xiang Liu;Bala Iyer,ICIS,liu2007design,2007,200,>100,6000,1001-10000,Forge,19,Prediction,Project Outcomes
Determining developers' expertise and role: A graph hierarchy-based approach,Pamela Bhattacharya;Iulian Neamtiu;Michalis Faloutsos,ICSM(E),bhattacharya2014determining,2014,2,2-5,14071,10001-100000,ITS;VCS,17,Developer Roles,Identification
Developer Heterogeneity and Formation of Communication Networks in Open Source Software Projects,Param Singh;Yong Tan,Journal of Management Information Systems,singh2010developer,2010,3,2-5,Missing,Missing,ML;VCS,45,Community Structure,Team Formation
Developer initiation and social interactions in OSS: A case study of the Apache Software Foundation,Mohammad Gharehyazie;Daryl Posnett;Bogdan Vasilescu;Vladimir Filkov,EMSE,gharehyazie2015developer,2015,6,6-10,969,101-1000,ML,36,Developer Roles,Onboarding
Developer prioritization in bug repositories,Jifeng Xuan;He Jiang;Zhilei Ren;Weiqin Zou,ICSE,xuan2012developer,2012,2,2-5,90000,10001-100000,ITS,151,Prediction,Bug Triage
Developer Role Evolution in Open Source Software Ecosystem: An Explanatory Study on GNOME,Can Cheng;Bing Li;Zeng-Yang Li;Yu-Qi Zhao;Feng-Ling Liao,Journal of Computer Science and Technology,cheng2017developer,2017,1418,>100,Missing,Missing,VCS,3,Developer Roles,Onboarding
DevNet: Exploring Developer Collaboration in Heterogeneous Networks of Bug Repositories,Song Wang;Wen Zhang;Ye Yang;Qing Wang,ESEM,wang2013devnet,2013,2,2-5,"90,000",10001-100000,ITS,16,Prediction,Bug Triage
Do Developers Introduce Bugs When They Do Not Communicate? The Case of Eclipse and Mozilla,Mario L. Bernardi;Gerardo Canfora;Giuseppe A. Di Lucca;Massimiliano Di Penta;Damiano Distante,CSMR,bernardi2012developers,2012,2,2-5,252000,>100000,ITS;VCS,17,Collaboration Behavior,Problems
Does distance still matter,Timo Wolf;Thanh H.D. Nguyen;Daniela Damian,Software Process: Improvement and Practice,wolf2008does,2008,1,1,151,101-1000,ITS,43,Collaboration Behavior,Global SWE
Does Socio-Technical Congruence Have an Effect on Software Build Success? A Study of Coordination in a Software Project,Irwin Kwan;Adrian Schröter;Daniela Damian,TSE,kwan2011does,2011,1,1,151,101-1000,ITS;VCS,105,Community Structure,Socio-technical Congruence
Does the initial environment impact the future of developers?,Minghui Zhou;Audris Mockus,ICSE,zhou2011does,2011,6,6-10,11250,10001-100000,ITS,55,Developer Roles,Onboarding
DREX: Developer Recommendation with K-Nearest-Neighbor Search and Expertise Ranking,Wenjin Wu;Wen Zhang;Ye Yang;Qing Wang,APSEC,wu2011drex,2011,1,1,481,101-1000,ITS,86,Prediction,Bug Triage
Effect of developer collaboration activity on software quality in two large scale projects,Bora Caglayan;Ayse B. Bener,JSS,ccaglayan2016effect,2016,2,2-5,Missing,Missing,VCS,10,Community Structure,Impact on Code Quality
"Effect of Temporal Collaboration Network, Maintenance Activity, and Experience on Defect Exposure",Andriy Miranskyy;Bora Caglayan;Ayse B. Bener;Enzo Cialini,ESEM,miranskyy2014effect,2014,1,1,Missing,Missing,VCS,9,Prediction,Defect Prediction
Emergence of developer teams in the collaboration network,Bora Caglayan;Ayse B. Bener;Andriy Miranskyy,Information Systems Research,caglayan2013emergence,2013,1,1,123,101-1000,Forge,15,Community Structure,Team Formation
Emergence of New Project Teams from Open Source Software Developer Networks: Impact of Prior Collaboration Ties,Jungpil Hahn;Jae Y. Moon;Chen Zhang,Information Systems Research,hahn2008emergence,2008,2349,>100,"170,741",>100000,Forge,296,Community Structure,Team Formation
Empirical study on developer factors affecting tossing path length of bug reports,Hongrun Wu;Haiyang Liu;Yutao Ma,IET Software,wu2018empirical,2018,2,2-5,11829,10001-100000,ITS,3,Prediction,Bug Triage
Empirical Study on the Evolution of Developer Social Networks,Mohamed Abdelrahman Aljemabi;Zhongjie Wang,IEEE Access,aljemabi2018empirical,2018,4,2-5,At most 1615 (Networks for projects at different times),1001-10000,Forge,0,Community Structure,DSN Evolution
Empirical Study on the Similarity and Difference between VCS-DSN and BTS-DSN,Mohammed A. Aljemabi;Zhongjie Wang,ICMSS,aljemabi2017empirical,2017,50,11-100,445,101-1000,ITS;VCS,2,DSN Validity,DSN Validity
Evolution of developer collaboration on the jazz platform: a study of a large scale agile project,Subhajit Datta;Renuka Sindhgatta;Bikram Sengupta,ISEC,datta2011evolution,2011,1,1,106,101-1000,ITS;VCS,16,Community Structure,DSN Evolution
Evolution of developer social network and its impact on bug fixing process,Amit Kumar;Avdhesh Gupta,ISEC,kumar2013evolution,2013,1,1,33760,10001-100000,ITS,19,Community Structure,DSN Evolution
Evolution of Open Source Communities,Michael Weiss;Gabriella Moroiu;Ping Zhao,OSS,weiss2006evolution,2006,26,11-100,100-1000,101-1000,ML,49,Community Structure,DSN Evolution
Evolutionary trends of developer coordination: a network approach,Mitchell Joblin;Sven Apel;Wolfgang Mauerer,EMSE,joblin2017evolutionary,2017,18,11-100,281,101-1000,VCS,28,Community Structure,DSN Evolution
Evolving relationships between social networks and stakeholder involvement in software projects,Soo Ling Lim;Peter John Bentley,GECCO,lim2011evolving,2011,1,1,127,11-100,Survey,10,Community Structure,General
Experiences with agile practices in the global studio project,Roger Urdangarin;Paulo Fernandes;Alberto Avritzer;Daniel Paulish,ICGSE,urdangarin2008experiences,2008,1,1,12,11-100,Survey,24,Collaboration Behavior,Global SWE
Exploration of the Open Source Software Community,Jin Xu;Gregory Madey,NAACSOS ,xu2004exploration,2004,Missing,Missing,Missing,Missing,Forge,31,Community Structure,General
Exploring Collaboration Networks in Open-Source Projects,Andrejs Jermakovics;Alberto Sillitti;Giancarlo Succi,OSS,jermakovics2013exploring,2013,3,2-5,130,101-1000,VCS,13,Community Structure,General
Exploring computer supported collaborative coordination through social networks,Szabolcs Feczak;Liaquat Hossain,The Journal of High Technology Management Research,feczak2011exploring,2011,483,>100,Missing,Missing,ITS,6,Collaboration Behavior,General
"Exploring software developers’ work practices: Task differences, participation, engagement, and speed of task resolution",Sherlock A. Licorish;Stephen G. MacDonell,Information & Management,licorish2017exploring,2017,1,1,474,101-1000,ITS,17,Collaboration Behavior,General
Exploring the patterns of social behavior in GitHub,Yue Yu;Gang Yin;Huaimin Wang;Tao Wang,CrowdSoft,yu2014exploring,2014,Missing,Missing,1838805,>100000,Forge,52,Community Structure,DSN Evolution
Exploring the relationship between dependencies and coordination to support global software development projects,Sebastiao B. Fonseca;Cleidson R. B. de Souza;David F. Redmiles,ICGSE,fonseca2006exploring,2006,NA,NA,NA,NA,ML;VCS,22,Collaboration Behavior,Global SWE
File-level socio-technical congruence and its relationship with bug proneness in OSS projects,Weiqiang Zhang;Shing-Chi Cheung;Zhenyu Chen;Yuming Zhou;Bin Luo,JSS,zhang2019file,2019,5,2-5,>1600,1001-10000,ITS;VCS,0,Prediction,Defect Prediction
Fine-grained incremental learning and multi-feature tossing graphs to improve bug triaging,Pamela Bhattacharya;Iulian Neamtiu,ICSM(E),bhattacharya2010fine,2010,2,2-5,Missing,Missing,ITS,113,Prediction,Bug Triage
From Developer Networks to Verified Communities: A Fine-Grained Approach,Mitchell Joblin;Wolfgang Mauerer;Sven Apel;Janet Siegmund;Dirk Riehle,ICSE,joblin2015developer,2015,10,6-10,174,101-1000,VCS,41,Community Structure,General
From Periphery to Core: A Temporal Analysis of GitHub Contributors’ Collaboration Network,Ikram El Asri;Noureddine Kerzazi;Lamia Benhiba;Mohammed Janati,PRO-VE,el2017periphery,2017,5,2-5,1685,1001-10000,Forge,4,Developer Roles,Onboarding
From Technical Dependencies to Social Dependencies,Cleidson R. B. de Souza;Paul Dourish;David F. Redmiles;Stephen Quirk;Erik Trainer,CSCW,de2004technical,2004,NA,NA,NA,NA,VCS,23,Tools,Tools
GitHub developers use rockstars to overcome overflow of news,Michael J. Lee;Bruce Ferwerda;Junghong Choi;Jungpil Hahn;Jae Y. Moon;Jinwoo Kim,CHI,lee2013github,2013,"5,657",>100,Missing,Missing,Forge,32,Developer Roles,Identification
Global Software Development and Delay: Does Distance Still Matter?,Thanh H.D. Nguyen;Timo Wolf;Daniela Damian,ICGSE,nguyen2008global,2008,1,1,112,101-1000,ITS,118,Collaboration Behavior,Global SWE
Global Software Development in the FreeBSD Project,Diomidis Spinellis,GSD,spinellis2006global,2006,1,1,292,101-1000,ITS;VCS,59,Community Structure,Global SWE
Going Farther Together: The Impact of Social Capital on Sustained Participation in Open Source,Huilian Sophie Qiu;Alexander Nolte;Anita Brown;Alexander Serebrenik;Bogdan Vasilescu,ICSE,qiu2019going,2019,Missing,Missing,58091,10001-100000,Forge,18,Community Structure,General
Graph-based analysis and prediction for software evolution,Pamela Bhattacharya;Marios Iliofotou;Iulian Neamtiu;Michalis Faloutsos,ICSE,bhattacharya2012graph,2012,10,6-10,Missing,Missing,ITS;VCS,193,Prediction,Defect Prediction
Heterogeneous Network Analysis of Developer Contribution in Bug Repositories,Wen Zhang;Song Wang;Ye Yang;Qing Wang,CSC,zhang2013heterogeneous,2013,2,2-5,"90,000",10001-100000,ITS,15,Prediction,Bug Triage
Hierarchy and centralization in free and open source software team communications,Kevin Crowston;James Howison,"Knowledge, Technology & Policy",crowston2006hierarchy,2006,174,>100,188,101-1000,ITS,200,Community Structure,General
How developer communication frequency relates to bug introducing changes,Roberto Abreu;Rahul Premraj,IWPSE-EVOL,abreu2009developer,2009,1,1,18,11-100,ITS,62,Prediction,Defect Prediction
How Developers’ Collaborations Identified from Different Sources Tell us About Code Changes,Sebastiano Panichella;Gabriele Bavota;Massimiliano Di Penta;Gerardo Canfora;Giuliano Antoniol,ICSM(E),panichella2014developers,2014,7,6-10,40-95,11-100,ML;ITS;VCS;Other,30,DSN Validity,DSN Validity
How does developer interaction relate to software quality? an examination of product development data,Subhajit Datta,EMSE,datta2018does,2018,1,1,900,101-1000,ITS;VCS,4,Community Structure,Impact on Code Quality
How the evolution of emerging collaborations relates to code changes: an empirical study,Sebastiano Panichella;Gerardo Canfora;Massimiliano Di Penta;Rocco Oliveto,ICPC,panichella2014evolution,2014,4,2-5,20647.75,10001-100000,ML;ITS;VCS,23,Community Structure,Team Formation
Identification of Coordination Requirements: Implications for the Design of Collaboration and Awareness Tools,Marcelo Cataldo;Patrick A. Wagstrom;James D. Herbsleb;Kathleen M. Carley,CSCW,cataldo2006identification,2006,1,1,114,101-1000,ITS,465,Collaboration Behavior,Problems
Identifying failure inducing developer pairs within developer networks,Jordan Ell,ICSE,ell2013identifying,2013,1,1,Missing,Missing,VCS,13,Collaboration Behavior,Problems
Identifying knowledge brokers that yield software engineering knowledge in OSS projects,Sulayman K. Sowe;Ioannis Stamelos;Lefteris Angelis,Information and Software Technology,sowe2006identifying,2005,3,2-5,9557,1001-10000,ML,96,Developer Roles,Identification
Impact of Social Ties on Open Source Project Team Formation,Jungpil Hahn;Jae Y. Moon;Chen Zhang,OSS,hahn2006impact,2006,1030,>100,Missing,Missing,Forge,21,Community Structure,Team Formation
Impact of Stakeholder Type and Collaboration on Issue Resolution Time in OSS Projects,Anh Nguyen Duc;Daniela S. Cruzes;Claudia Ayala;Reidar Conradi,OSS,duc2011impact,2011,3,2-5,699,101-1000,ITS,21,Collaboration Behavior,General
Improving Bug Triage with Bug Tossing Graphs,Gaeul Jeong;Sunghun Kim;Thomas Zimmermann,FSE,jeong2009improving,2009,2,2-5,"> 1200, >2400 => >1800",1001-10000,ITS,434,Prediction,Bug Triage
Improving developer activity metrics with issue tracking annotations,Andrew Meneely;Mackenzie Corcoran;Laurie Williams,WETSOM,meneely2010improving,2010,1,1,87,11-100,ITS;VCS,25,Developer Roles,Identification
Individual Centrality and Performance in Virtual R&D Groups: An Empirical Study,Manju K. Ahuja;Dennis F. Galletta;Kathleen M. Carley,Management Science,ahuja2003individual,2003,1,1,59,11-100,ML,665,Community Structure,Global SWE
Information brokers in requirement-dependency social networks,Sabrina Marczak;Daniela Damian;Ulrike Stege;Adrian Schröter,RE,marczak2008information,2008,1,1,14,11-100,Survey;Other,55,Developer Roles,Identification
Intragroup Density Predicting Intergroup Tie Strength Within Open-Source-Software Collaboration Network,Stefan K. Behfar;Qumars Behfar,Distributed Computing and Artificial Intelligence,behfar2016intragroup,2016,Missing,Missing,10000,1001-10000,Forge,4,Community Structure,General
Knowledge Flows Within Open Source Software Projects: A Social Network Perspective,Noureddine Kerzazi;Ikram El Asri,Advances in Ubiquitous Networking ,kerzazi2017knowledge,2017,3,2-5,989,101-1000,Forge,5,Collaboration Behavior,General
Knowledge Homogeneity and Specialization in the Apache HTTP Server Project,Alexander C. MacLean;Landon J. Pratt;Charles D. Knutson;Eric K. Ringger,AICT,maclean2011knowledge,2011,1,1,134,101-1000,ML;ITS,7,Developer Roles,Specialization
Knowledge management in OSS communities: Relationship between dense and sparse network structures,Stefan Kambiz Behfar;Ekaterina Turkina;Thierry Burger-Helmchen,International Journal of Information Management,behfar2018knowledge,2018,Missing,Missing,10000,1001-10000,Forge,7,Community Structure,General
Latent social structure in open source projects,Christian Bird;David Pattison;Raissa D'Souza;Vladimir Filkov;Premkumar Devanbu,FSE,bird2008latent,2008,5,2-5,48,11-100,ML,301,Community Structure,General
Lessons learned from applying social network analysis on an industrial Free/Libre/Open Source Software ecosystem,Jose Teixeira;Gregorio Robles;Jesus M. Gonzales-Barahona,Journal of Internet Services and Applications,teixeira2015lessons,2015,8,6-10,Missing,Missing,VCS,39,Collaboration Behavior,Intercompany collaboration behavior
Leveraging expertise in global software teams: Going outside boundaries,Kate Ehrlich;Klarissa T. Chang,ICGSE,ehrlich2006leveraging,2006,3,2-5,42,11-100,Survey,91,Community Structure,Global SWE
Measuring and Understanding the Effectiveness of JIRA Developers Communities,Marco Ortu;Giuseppe Destefanis;Mohamad Kassab;Michele Marchesi,OSS,ortu2015measuring,2015,7,6-10,922,101-1000,ITS,29,Collaboration Behavior,General
Measuring Coordination Gaps of Open Source Groups through Social Networks.,Szabolcs Feczak;Liaquat Hossain,ICEIS,feczak2009measuring,2009,415,>100,Missing,Missing,ITS,7,Collaboration Behavior,General
Measuring OSS quality trough centrality,Liaquat Hossain;David Zhou,CHASE,hossain2008measuring,2008,45,11-100,Missing,Missing,ITS,5,Community Structure,Impact on Code Quality
Measuring the Effect of Social Communications on Individual Working Rhythms: A Case Study of Open Source Software,Qi Xuan;Mohammad Gharehyazie;Premkumar Devanbu;Vladimir Filkov,Social Informatics,xuan2012measuring,2012,31,11-100,665,101-1000,ML;VCS,25,Collaboration Behavior,General
Method for Identification of Suitable Persons in Collaborators’ Networks,Pavla Drazdilova;Alisa Babskova;Jan Martinovic;Katerina Slaninova;Stepan Minks,CISIM,dravzdilova2012method,2012,21184,>100,"96,251",10001-100000,Forge,3,Prediction,Developers for Tasks in General
Mining and visualizing developer networks from version control systems,Andrejs Jermakovics;Alberto Sillitti;Giancarlo Succi,CHASE,jermakovics2011mining,2011,2,2-5,36,11-100,VCS,57,Community Structure,General
Mining Collaboration Patterns from a Large Developer Network,Didi Surian;David Lo;Ee-Peng Lim,WCRE,surian2010mining,2010,28087,>100,55694,10001-100000,Forge,54,Community Structure,General
Mining CVS Repositories to Understand Open-Source Project Developer Roles,Liguo Yu;Srini Ramaswamy,MSR,yu2007mining,2007,2,2-5,35,11-100,VCS,59,Developer Roles,Identification
Mining Developer Mailing List to Predict Software Defects,Yu Zhang;Beijun Shen;Yuting Chen,APSEC,zhang2014mining,2014,3,2-5,Missing,Missing,ML,4,Prediction,Defect Prediction
Mining email social networks,Christian Bird;Alex Gourley;Premkumar Devanbu;Michael Gertz;Anand Swaminathan,MSR,bird2006mining,2006,1,1,"1,196",1001-10000,ML,644,Community Structure,General
Mining email social networks in Postgres,Christian Bird;Alex Gourley;Premkumar Devanbu;Michael Gertz;Anand Swaminathan,MSR,bird2006mining1,2006,1,1,3293,1001-10000,ML,0,Community Structure,General
Mining Task-Based Social Networks to Explore Collaboration in Software Teams,Timo Wolf;Adrian Schröter;Daniela Damian;Lucas D. Panjer;Thanh H.D. Nguyen,IEEE Software,wolf2009mining,2009,1,1,Missing,Missing,ITS,104,Community Structure,General
Mining version histories to verify the learning process of Legitimate Peripheral Participants,Shih-Kun Huang;Kang-min Liu,MSR,huang2005mining,2005,6,6-10,17,11-100,VCS,57,Developer Roles,Identification
Network analysis of OSS evolution: an empirical study on ArgoUML project,Wen Zhang;Ye Yang;Qing Wang,IWPSE-EVOL,zhang2011network,2011,1,1,978,101-1000,ML;VCS,16,Community Structure,DSN Evolution
Network analysis of software repositories: identifying subject matter experts,Andrew Dittrich;Mehmet Hadi Gunes;Sergiu Dascalu,Complex Networks,dittrich2013network,2013,3,2-5,127,101-1000,VCS,12,Developer Roles,Identification
Network Analysis of the SourceForge.net Community,Yongqin Gao;Gregory Madey,OSS,gao2007network,2007,Missing,Missing,123698,>100000,Forge,35,Community Structure,General
Network Structure of Social Coding in GitHub,Ferdian Thung;Tegawende F. Bissyande;David Lo;Lingxiao Jiang,CSMR,thung2013network,2013,"100,000",>100,"30,000",10001-100000,Forge,161,Community Structure,General
On the Use of Issue Tracking Annotations for Improving Developer Activity Metrics,Andrew Meneely;Laurie Williams,Advances in Software Engineering,meneely2010use,2010,1,1,87,11-100,ITS;VCS,4,Community Structure,General
Open Borders? Immigration in Open Source Projects,Christian Bird;Alex Gourley;Premkumar Devanbu;Anand Swaminathan;Greta Hsu,MSR,bird2007open,2007,3,2-5,"88,168",10001-100000,ML;VCS,165,Developer Roles,Onboarding
Open collaboration in the public sector: The case of social coding on GitHub,Ines Mergel,Government Information Quarterly,mergel2015open,2015,7003,>100,Missing,Missing,Forge,57,Community Structure,General
Open Source Software Developer and Project Networks,Matthew Van Antwerp;Gregory Madey,OSS,van2010open,2010,3,2-5,26433,10001-100000,VCS,2,Community Structure,DSN Evolution
Optimal Group Size for Software Change Tasks: A Social Information Foraging Perspective,Tanmay Bhowmik;Nan Niu;Wentao Wang;Jing-Ru C. Cheng;Ling Li;Xiongfei Cao,IEEE Transactions on Cybernetics,bhowmik2016optimal,2016,2,2-5,1359,1001-10000,ITS,22,Collaboration Behavior,Problems
Organizational volatility and its effects on software defects,Audris Mockus,FSE,mockus2010organizational,2010,1,1,480,101-1000,VCS,101,Community Structure,Impact on Code Quality
"Out of sight but not out of mind?: Informal networks, communication and media use in global software teams",Klarissa T. Chang;Kate Ehrlich,CASCON,chang2007out,2007,3,2-5,35.81666667,11-100,Survey,36,Collaboration Behavior,Global SWE
Path to stardom in globally distributed teams: An examination of a knowledgecentered perspective using social network analysis,Saonee Sarker;Suprateek Sarker;Sarah Kirkeby;Suranjan Chakraborty,Decision Sciences,sarker2011path,2011,16,11-100,91,11-100,Survey,4,Community Structure,Global SWE
Predicting build failures using social network analysis on developer communication,Timo Wolf;Adrian Schröter;Daniela Damian;Thanh H.D. Nguyen,ICSE,wolf2009predicting,2009,1,1,151,101-1000,ITS,217,Prediction,Build Failure
Predicting build outcome with developer interaction in Jazz,Adrian Schröter,ICSE,schroter2010predicting,2010,1,1,Missing,Missing,ITS;VCS,8,Prediction,Build Failure
Predicting failures with developer networks and social network analysis,Andrew Meneely;Laurie Williams;Will Snipes;Jason Osborne,FSE,meneely2008predicting,2008,1,1,161,101-1000,VCS,241,Prediction,Defect Prediction
Predicting project outcome leveraging socio-technical network patterns,Didi Surian;Yuan Tian;David Lo;Hong Cheng;Ee-Peng Lim,CSMR,surian2013predicting,2013,4050,>100,Missing,Missing,Forge,13,Prediction,Project Outcomes
ProxiScientia: toward real-time visualization of task and developer dependencies in collaborating software development teams,Arber Borici;Kelly Blincoe;Adrian Schröter;Giuseppe Valetto;Daniela Damian,CHASE,borici2012proxiscientia,2012,NA,NA,NA,NA,Other,31,Tools,Tools
Putting It All Together: Using Socio-technical Networks to Predict Failures,Christian Bird;Nachiappan Nagappan;Harald Gall;Brendan Murphy;Premkumar Devanbu,ISSRE,bird2009putting,2009,2,2-5,Missing,Missing,VCS,197,Prediction,Defect Prediction
Recommending people in developers’ collaboration network,Didi Surian;Nian Liu;David Lo;Hanghang Tong;Ee-Peng Lim;Christos Faloutsos,WCRE,surian2011recommending,2011,213,>100,376,101-1000,Forge,60,Prediction,Developers for Tasks in General
Removing barriers to trust in distributed teams: understanding cultural differences and strengthening social ties,Suzanne P. Mikawa;Sharon K. Cunnington;Scott A. Gaskins,IWIC,mikawa2009removing,2009,1,1,75,11-100,Survey,18,Collaboration Behavior,Global SWE
Reputation management in an open source developer social network: An empirical study on determinants of positive evaluations,Daning Hu;J. Leon Zhao;Jiesi Cheng,Decision Support Systems,hu2012reputation,2012,"11,530",>100,94330,10001-100000,Other,41,Community Structure,General
REQUIREMENTS ENGINEERING (RE) EFFECTIVENESS IN OPEN SOURCE SOFTWARE: THE ROLE OF SOCIAL NETWORK CONFIGURATIONS AND REQUIREMENTS PROPERTIES,Deepa Gopal Iyer;Kall Lyytinen,ECIS,iyer2019requirements,2019,248,>100,Missing,Missing,Forge,0,Community Structure,General
SCSMiner: mining social coding sites for software developer recommendation with relevance propagation,Yao Wan;Liang Chen;Guandong Xu;Zhou Zhao;Jie Tang;Jian Wu,World Wide Web,wan2018scsminer,2018,458639,>100,16567,10001-100000,Forge,4,Prediction,Developers for Tasks in General
Secure open source collaboration: an empirical study of linus' law,Andrew Meneely;Laurie Williams,CCS,meneely2009secure,2009,1,1,557,101-1000,VCS,117,Community Structure,General
Seeking the source: software source code as a social and technical artifact,Cleidson R. B. de Souza;Jon Froehlich;Paul Dourish,GROUP,de2005seeking,2005,NA,NA,NA,NA,VCS,181,Community Structure,Socio-technical Congruence
Self-organization of teams for free/libre open source software development,Kevin Crowston;Qing Li;Kangning Wei;U. Y. Eseryel;James Howison,Information and Software Technology,crowston2007self,2007,3,2-5,33,11-100,ML;Other,240,Community Structure,Team Formation
Social Activities Rival Patch Submission for Prediction of Developer Initiation in OSS Projects,Mohammad Gharehyazie;Daryl Posnett;Vladimir Filkov,ICSM(E),gharehyazie2013social,2013,6,6-10,997,101-1000,ML;ITS;VCS,18,Developer Roles,Onboarding
"Social Capital, Structural Holes and Team Composition: Collaborative Networks of the Open Source Software Community",Yong Tan;Vijay Mookerjee;Param Singh,ICIS,tan2007social,2007,5191,>100,10973,10001-100000,Forge,43,Community Structure,General
Social Dynamics of FLOSS Team Communication Across Channels,Andrea Wiggins;James Howison;Kevin Crowston,OSS,wiggins2008social,2008,2,2-5,Missing,Missing,ML;ITS;Other,35,Community Structure,General
Social dynamics of free and open source team communications,James Howison;Keisuke Inoue;Kevin Crowston,OSS,howison2006social,2006,120,>100,Missing,Missing,ITS,116,Community Structure,General
Social interactions around cross-system bug fixings: the case of FreeBSD and OpenBSD,Gerardo Canfora;Luigi Cerulo;Marta Cimitile;Massimiliano Di Penta,MSR,canfora2011social,2011,2,2-5,1590,1001-10000,ML;VCS,46,Community Structure,General
Social Network Analysis of Developers' and Users' Mailing Lists of Some Free Open Source Software,Armel J.N. Nzeko'o;Matthieu Latapy;Maurice Tchuente,IEEE International Congress on Big Data,nzeko2015social,2015,4,2-5,3264,1001-10000,ML,2,Community Structure,General
Social Network Analysis on Communications for Knowledge Collaboration in OSS Communities,Takeshi Kakimoto;Yasutaka Kamei;Masao Ohira;Ken-ichi Matsumoto,KCSD,kakimoto2006social,2006,4,2-5,38,11-100,VCS,28,Community Structure,DSN Evolution
Social network of software development at GitHub,William Leibzon,ASONAM,leibzon2016social,2016,3,2-5,8345,1001-10000,Forge,9,Community Structure,General
Social Network Structures in Open Source Software Development Teams,Yuan Long;Keng Siau,Social Network Structures in Open Source Software Development Teams,long2007social,2007,122,>100,"14,922",10001-100000,ITS,95,Community Structure,General
Social networks and coordination performance of distributed software development teams,Liaquat Hossain;David Zhou,The Journal of High Technology Management Research,hossain2009social,2009,45,11-100,Missing,Missing,ITS,31,Community Structure,Global SWE
Socialization in an Open Source Software Community: A Socio-Technical Analysis,Nicolas Ducheneaut,CSCW,ducheneaut2005socialization,2005,1,1,148,101-1000,ML;VCS,459,Developer Roles,Onboarding
Socio-technical Congruence in OSS Projects: Exploring Conway’s Law in FreeBSD,Mahbubul Syeed;Imed Hammouda,OSS,syeed2013socio,2013,1,1,1128,1001-10000,ML;VCS,9,Community Structure,Socio-technical Congruence
Socio-Technical Congruence: A Framework for Assessing the Impact of Technical and Work Dependencies on Software Development Productivity,Marcelo Cataldo;James D. Herbsleb;Kathleen M. Carley,ESEM,cataldo2008socio,2008,1,1,114,101-1000,ITS,300,Community Structure,Socio-technical Congruence
Socio-Technical Developer Networks: Should We Trust Our Measurements?,Andrew Meneely;Laurie Williams,ICSE,meneely2011socio,2011,3,2-5,110,101-1000,VCS,62,DSN Validity,DSN Validity
StakeNet: using social networks to analyse the stakeholders of large-scale software projects,Soo Ling Lim;Daniele Quercia;Anthony Finkelstein,ICSE,lim2010stakenet,2010,1,1,4463,1001-10000,Survey,139,Developer Roles,Identification
StakeRare: using social networks and collaborative filtering for large-scale requirements elicitation,Soo Ling Lim;Anthony Finkelstein,TSE,lim2012stakerare,2011,1,1,127,101-1000,Survey,174,Developer Roles,Identification
Stochastic actor-oriented modeling for studying homophily and social influence in OSS projects,David Kavaler;Vladimir Filkov,EMSE,kavaler2017stochastic,2017,2,2-5,78,11-100,ML,5,Community Structure,DSN Evolution
"Structures that work: social structure, work structure and coordination ease in geographically distributed teams",Pamela Hinds;Cathleen McGrath,CSCW,hinds2006structures,2006,33,11-100,Missing,Missing,Survey,209,Community Structure,Global SWE
Studying team evolution during software testing,Vibhu S. Sharma;Vikrant Kaulgud,CHASE,sharma2011studying,2011,1,1,Missing,Missing,ITS,8,Community Structure,DSN Evolution
Studying the impact of social interactions on software quality,Nicolas Bettenburg;Ahmed E. Hassan,EMSE,bettenburg2013studying,2012,2,2-5,Missing,Missing,ITS;VCS,44,Community Structure,Impact on Code Quality
Studying the Impact of Social Structures on Software Quality,Nicolas Bettenburg;Ahmed E. Hassan,ICPC,bettenburg2010studying,2010,1,1,Missing,Missing,ITS,83,Community Structure,Impact on Code Quality
Supporting collaborative software development through the visualization of socio-technical dependencies,Cleidson R. B. de Souza;Stephen Quirk;Erik Trainer;David F. Redmiles,GROUP,de2007supporting,2007,2,2-5,Missing,Missing,Other,153,Tools,Tools
Supporting knowledge collaboration using social networks in a large-scale online community of software development projects,Masao Ohira;Tetsuya Ohoka;Takeshi Kakimoto;Naoki Ohsugi;Ken-ichi Matsumoto,APSEC,ohira2005supporting,2005,NA,NA,NA,NA,Forge,17,Tools,Tools
SVNNAT: Measuring Collaboration in Software Development Networks,Michael Schwind;Christian Wegmann,CECandEEE,schwind2008svnnat,2008,4,2-5,310,101-1000,VCS,11,Tools,Tools
Task Recommendation with Developer Social Network in Software Crowdsourcing,Ning Li;Wenkai Mo;Beijun Shen,APSEC,li2016task,2016,1,1,4969,1001-10000,Forge,7,Prediction,Developers for Tasks in General
Tesseract: Interactive visual exploration of socio-technical relationships in software development,Anita Sarma;Larry Maccherone;Patrick A. Wagstrom;James D. Herbsleb,ICSE,sarma2009tesseract,2009,1,1,about 26000,10001-100000,ML;ITS;VCS,181,Tools,Tools
The Effects of Communication Patterns on the Success of Open Source Software Projects: An Empirical Analysis from Social Network Perspectives,Jing Wu;Khm-Yong Goh;He Li;Chuan Luo;Haichao Zheng,Journal of Global Information Management,wu2016effects,2016,126,>100,Missing,Missing,Forge,5,Collaboration Behavior,General
The Impact of Communication Structure on New Product Development Outcomes,Marcelo Cataldo;Kate Ehrlich,CHI,cataldo2012impact,2012,1,1,14,11-100,ITS,38,Prediction,Project Outcomes
The Importance of Social Network Structure in the Open Source Software Developer Community,Matthew Van Antwerp;Gregory Madey,HICSS,van2010importance,2010,Missing,Missing,73828,10001-100000,Forge,32,Community Structure,General
The Meso-level Structure of F/OSS Collaboration Network: Local Communities and Their Innovativeness,Guido Conaldi;Francesco Rullani,OSS,conaldi2010meso,2010,"115,112",>100,161983,>100000,Forge,2,Community Structure,General
The Open Source Software Community Structure,Jin Xu;Scott Christley;Gregory Madey,NAACSOS ,xu2005open,2005,"27,834",>100,Missing,Missing,Forge,14,Community Structure,General
The Open Source Software Development Phenomenon: An Analysis Based on Social Network Theory,Gregory Madey;Vincent Freeh;Renee Tynan,AMCIS,madey2002open,2002,> 39000,>100,> 33000,10001-100000,Forge,342,Community Structure,General
The role of communication and trust in global virtual teams: A social network perspective,Saonee Sarker;Manju K. Ahuja;Suprateek Sarker;Sarah Kirkeby,Journal of Management Information Sciences,sarker2011role,2011,2,2-5,55.5,11-100,Survey,313,Collaboration Behavior,Global SWE
The role of domain knowledge and cross-functional communication in sociotechnical coordination,Daniela Damian;Remko Helms;Irwin Kwan;Sabrina Marczak;Benjamin Koelewijn,ICSE,damian2013role,2013,2,2-5,19.5,11-100,Survey;Other,30,Collaboration Behavior,General
The small-world effect: The influence of macro-level properties of developer collaboration networks on open-source project success,Param Singh,TOSEM,singh2010small,2010,2013,>100,8512,1001-10000,Forge,111,Community Structure,General
The social structure of free and open source software development,Kevin Crowston;James Howison,First Monday,crowston2005social,2005,12,11-100,Missing,Missing,ITS,602,Community Structure,General
Toward visualization and analysis of traceability relationships in distributed and offshore software development projects,Cleidson R. B. de Souza;Tobias Hildenbrand;David F. Redmiles,SEAFOOD,de2007toward,2007,35,11-100,17+34,11-100,Forge;Survey,40,Community Structure,Global SWE
Towards understanding: a study of the SourceForge.net community using modeling and simulation,Yongqin Gao;Gregory Madey,SpringSim,gao2007towards,2007,NA,NA,NA,NA,Forge,18,Community Structure,General
Tracing distributed collaborative development in apache software foundation projects,Mohammad Gharehyazie;Vladimir Filkov,EMSE,gharehyazie2017tracing,2017,26,11-100,23,11-100,ML;VCS,3,Collaboration Behavior,General
Understanding a developer social network and its evolution,Qiaona Hong;Sunghun Kim;S.C. Cheung;Christian Bird,ICSM(E),hong2011understanding,2011,1,1,106000,>100000,ITS,93,Community Structure,DSN Evolution
"Understanding the attitudes, knowledge sharing behaviors and task performance of core developers: A longitudinal study",Sherlock A. Licorish;Stephen G. MacDonell,Information and Software Technology,licorish2014understanding,2014,1,1,394,101-1000,ITS,48,Developer Roles,Identification
Understanding the nature of collaboration in open-source software development,Kumiyo Nakakoji;Kazuaki Yamada;Elisa Giaccardi,APSEC,nakakoji2005understanding,2005,1,1,1104,1001-10000,ML,23,Community Structure,DSN Evolution
Unveiling Collaboration Structures in Software Development Projects,Michael Schwind;Christian Wegmann;Oliver Wendt,ECIS,schwind2008unveiling,2008,2,2-5,74,11-100,VCS,2,Community Structure,General
User influence analysis for Github developer social networks,Yan Hu;Shanshan Wang;Yizhi Ren;Kim-Kwang Raymond Choo,Expert Systems with Applications,hu2018user,2018,20798840,>100,2321156,>100000,Forge,13,Prediction,Developers for Tasks in General
Using citation influence to predict software defects                    ,Wei Hu;Kenny Wong,MSR,hu2013using,2013,2,2-5,Missing,Missing,Other,17,Prediction,Defect Prediction
Using Developer Activity Data to Enhance Awareness during Collaborative Software Development,Inah Omoronyia;John Ferguson;Marc Roper;Murray Wood,CSCW,omoronyia2009using,2009,1,1,10,1-10,Other,35,Collaboration Behavior,General
Using social network analysis for mining collaboration data in a defect tracking system for risk and vulnerability analysis,Ashish Sureka;Atul Goyal;Ayushi Rastogi,ISEC,sureka2011using,2011,1,1,556,1001-10000,ITS,36,Community Structure,General
Using Software Repositories to Investigate Socio-technical Congruence in Development Projects,Giuseppe Valetto;Mary Helander;Kate Ehrlich;Sunita Chulani;Mark Wegman;Clay Williams,MSR,valetto2007using,2007,NA,NA,NA,NA,VCS,96,Community Structure,Socio-technical Congruence
Validity of network analyses in Open Source Projects,Roozbeh Nia;Christian Bird;Premkumar Devanbu;Vladimir Filkov,MSR,nia2010validity,2010,3,2-5,"1,596",1001-10000,ML,37,DSN Validity,DSN Validity
Visualization of communication patterns in collaborative innovation networks-analysis of some W3C working groups,Peter A. Gloor;Rob Laubacher;Scott B. C. Dynes;Yan Zhao ,CIKM,gloor2003visualization,2003,3,2-5,150-200,101-1000,ML,163,Community Structure,General
Visualizing social interaction in open source software projects,Michael Ogawa;Kwan-liu Ma;Christian Bird;Premkumar Devanbu;Alex Gourley,APVIS,ogawa2007visualizing,2007,2,2-5,2652,1001-10000,ML;VCS,35,Tools,Tools
What dynamic network metrics can tell us about developer roles,Mathias Pohl;Stephan Diehl,CHASE,pohl2008dynamic,2008,1,1,4,1-10,VCS,24,Developer Roles,Identification
Who Can Help to Review This Piece of Code?,Noureddine Kerzazi;Ikram El Asri,PRO-VE,kerzazi2016can,2016,5,2-5,1445,1001-10000,Forge,3,Prediction,Developers for  Code Review
Software Process Simulation based on Mining Software Repositories,Verena Honsel;Daniel Honsel;Jens Grabowski,ICDMW,honsel2014software,2014,1,1,2298,1001-10000,ITS;VCS,13,Community Structure,Simulation
Investigating Cross-Repository Socially Connected Teams on GitHub,Duo Wang;Jian Cao;Shiyou Qian;Qing Qi,APSEC,wang2019investigating,2019,181232,>100,182743,>100000,Forge,0,Community Structure,General
git2net - Mining Time-Stamped Co-Editing Networks from Large git Repositories,Christoph Gote;Ingo Scholtes;Frank Schweitzer,MSR,gote2019git,2019,NA,NA,NA,NA,VCS,1,Tools,Tools
Measuring and analyzing code authorship in 1 + 118 open source projects,Guilherme Avelino;Leonardo Passos;Andre Hora;Marco T. Valente,Science of Computer Programming,avelino2019measuring,2019,119,>100,4076,1001-10000,VCS,2,Community Structure,General
A network-centric approach for estimating trust between open source software developers,Hitesh Sapkota;Pradeep K. Murukannaiah;Yi Wang,PLOS ONE,Sapkota2020,2020,179,>100,24315,10001-100000,Forge,0,Collaboration Behavior,Problems
Studying multifaceted collaboration of OSS developers and its impact on their bug fixing performance,Amit Kumar;Mahen Gandhi;Yugandhar Desai;Sonali Argarwal,QuASoQ,kumar2019studying,2019,2,2-5,NA,1001-10000,ITS,0,Community Structure,DSN Evolution
Network semantic segmentation with application to GitHub,Neda Hajiakhoond Bidoki;Gita Sukthankar,CSCI,bidoki2018network,2018,1000,>100,8437,1001-10000,Forge,1,Community Structure,General
"Influence Indexing of Developers, Repositories, Technologies and Programming Languages on Social Coding Community GitHub",Riyu Bana;Anuja Arora,IC3,bana2018influence,2018,Missing,Missing,Missing,Missing,Forge,3,Community Structure,General
Surgical teams on GitHub: Modeling performance of GitHub project development processes,Oskar Jarczyk;Szymon Jaroszewicz;Adam Wierzbicki;Kamil Pawlak;Michal Jankowski-Lorek,Information and Software Technology,jarczyk2018surgical,2018,9447,>100,21,11-100,Forge,10,Prediction,Project Outcomes
Large-scale analysis of the co-commit patterns of the active developers in github's top repositories,Eldan Cohen;Mariano P. Consens,MSR,cohen2018large,2018,16827,>100,15702,10001-100000,Forge,4,Collaboration Behavior,General
Enhancing developer recommendation with supplementary information via mining historical commits,Xiaobing Sun;Hui Yang:Xin Xia;Bin Li,JSS,sun2017enhancing,2017,5,2-5,254,101-1000,VCS,14,Prediction,Bug Triage
Collaboration strength metrics and analyses on GitHub,Natercia A. Batista;Michele A. Brandao;Gabriela B. Alves;Ana P. C. da Silva;Mirella M. Moro,WI,batista2017collaboration,2017,149618,>100,70030,10001-100000,Forge,9,Community Structure,General
Assessing code authorship: The case of the linux kernel,Guilherme Avelino;Leonardo Passos;Andre Hora;Marco T. Valente,OSS,guilherme2017assessing,2017,7,6-10,988,101-1000,VCS,4,Community Structure,General
Influence analysis of Github repositories,Yan Hu;Jun Zhang;Xiaomei Bai;Shuo Yu;Zhuo Yang,SpringerPlus,hu2016influence,2016,Missing,Missing,Missing,Missing,Forge,21,Community Structure,General
Mining software dependency networks for agent-based simulation of software evolution,Verena Honsel;Daniel Honsel;Steffen Herbold;Jens Grabowski;Stephan Waack,SoftMine,honsel2015mining,2015,2,2-5,73,11-100,ITS;VCS,16,Community Structure,Simulation
The diffusion of trust and cooperation in teams with individuals' variations on baseline trust,Yi Wang;David Redmiles,CSCW,wang2016diffusion,2016,2,2-5,Missing,Missing,ML;ITS;VCS;Other,10,Collaboration Behavior,Problems
The role of developers' social relationships in improving service selection,Devis Bianchini;Valeria De Antonellis;Michele Melchiori,International Journal of Web Information Systems,bianchini2016role,2016,400,>100,400,101-1000,Other,2,Prediction,Suitable Webservices
A social network-based framework for data services selection in modern web application design,Devis Bianchini;Valeria De Antonellis;Michele Melchiori,CAISE,bianchini2016social,2016,Missing,Missing,Missing,Missing,Other,0,Prediction,Suitable Webservices
Developers' networks contribution to web application design,Devis Bianchini;Valeria De Antonellis;Michele Melchiori,IIWAS,bianchini2015developers,2015,400,>100,400,101-1000,Other,3,Prediction,Suitable Webservices
Developer On boarding in GitHub: The role of prior social links and language experience,Casey Casalnuovo;Bogdan Vasilescu;Premkumar Devanbu;Vladimir Filkov,FSE,casalnuovo2015developer,2015,58092,>100,1255,1001-10000,VCS,62,Developer Roles,Onboarding
Developer oriented and quality assurance based simulation of software processes,Verena Honsel;Daniel Honsel;Jens Grabowski;Stephan Waack,SATToSE,honsel2015developer,2016,1,1,125,101-1000,ITS;VCS,1,Community Structure,Simulation
Communication in innovation communities: An analysis of 100 open source software projects,Markus M. Greipel;Kerstin Press;Frank Schweitzer,Advances in Complex Systems,geipel2014communication,2014,100,11-100,Missing,Missing,VCS;Forge,2,Community Structure,General
Social network analysis in open source software peer review,Xin Yang,FSE,yang2014social,2014,3,2-5,Missing,Missing,Other,17,Collaboration Behavior,General
BUTTER: An approach to bug triage with topic modeling and heterogeneous network analysis,Wen Zhang;Guangle Han;Qing Wang,ICCBDC,zhang2014butter,2014,1,1,3441,1001-10000,ITS,2,Prediction,Bug Triage
A novel developer ranking algorithm for automatic bug triage using topic model and developer relations,Tao Zhang;Geunseok Yang;Byungjeong Lee;Eng K. Lua,APSEC,zhang2014novel,2014,3,2-5,Missing,Missing,ITS,19,Prediction,Bug Triage
Exploring the patterns of social behavior in Github,Yue Yu;Gang Yin;Huaimin Wang;Tao Wang,International Workshop on Crowd-based Software Development Methods and Technologies,yu2014exploring,2014,Missing,Missing,1838805,>100000,Forge,52,Community Structure,General
Generative diffusion of innovations and knowledge networks in open source projects,Zhewei Zhang;Youngjin Yoo;Sunil Wattal;Bin Zhang;Rob Kulathinal,ICIS,zhang2014generative,2014,78,11-100,Missing,Missing,Forge,10,Community Structure,General
Coding together at scale: GitHub as a collaborative social network,Antonio Lima;Luca Rossi;Mirco Musolesi,ICWSM,lima2014coding,2014,Missing,Missing,671751,>100000,Forge,85,Community Structure,General
Utilizing a multi-developer network-based developer recommendation algorithm to fix bugs effectively,Geunseok Yang;Tao Zhang;Byungjeong Lee,SAC,yang2014utilizing,2014,1,1,Missing,Missing,ITS,11,Prediction,Bug Triage
Understanding project dissemination on a social coding site,Jing Jiang;Li Zhang;Lei Li,WCRE,jiang2013understanding,2013,2665,>100,741107,>100000,Forge,38,Community Structure,General
The rise and fall of a central contributor: Dynamics of social organization and performance in the GENTOO community,Marcelo S. Zanetti;Ingo Scholtes;Claudio J. Tessone;Frank Schweitzer,CHASE,zanetti2013rise,2013,1,1,36555,10001-100000,ITS,24,Community Structure,DSN Evolution
A study of sourceforge users and user network,Liguo Yu;Srini Ramaswamy,AAAI Fall Symposium,yu2013study,2013,818819,>100,562198,>100000,Forge,1,Community Structure,General
Who is going to mentor newcomers in open source projects?,Gerardo Canfora;Massimiliano Di Penta;Rocco Oliveto;Sebastiano Panichella,FSE,canfora2012who,2012,5,2-5,172,101-1000,ML;VCS,83,Developer Roles,Onboarding
"Automated, highly-accurate, bug assignment using machine learning and tossing graphs",Pamela Bhattacharya;Iulian Neamtiu;Christian R. Shelton,JSS,bhattacharya2012automated,2012,2,2-5,Missing,Missing,ITS,106,Prediction,Bug Triage
Survival factors for Free Open Source Software projects: A multi-stage perspective,Jing Wang,European Management Journal,wang2012survival,2012,2220,>100,Missing,Missing,Forge,31,Prediction,Project Outcomes
"Human agency, social networks, and FOSS project success",Jing Wang;Michael Y. Hu;Murali Shanker,Journal of Business Research,wang2012human,2012,1863,>100,Missing,Missing,Forge,20,Prediction,Project Outcomes
Network effects: The influence of structural capital on open source project success,Param Singh;Yong Tan;Vikay Mookerjee,MIS Quarterly,singh2011network,2011,2378,>100,Missing,Missing,Forge,181,Prediction,Project Outcomes
An approach to improving bug assignment with bug tossing graphs and bug similarities,Liguo Chen;Xiaobo Wang;Chao Liu,ICBECS,chen2010improving,2010,2,2-5,Missing,Missing,ITS,22,Prediction,Bug Triage
Relating and clustering free/libre open source software projects and developers: A social network perspective,Kuang-Yuan Huang;Namjoo Choi,HICSS,huang2011relating,2011,1462,>100,1000,101-1000,Forge,2,Community Structure,General
Modeling the evolution of discussion topics and communication to improve relational classification,Ryan Rossi;Jennifer Neville,SOMA,ryan2010modeling,2010,1,1,185,101-1000,ML;ITS,20,Community Structure,DSN Evolution
Strengthening the empirical analysis of the relationship between Linus' Law and software security,Andrew Meneely;Laurie Williams,ESEM,meneely2010strengthening,2010,3,2-5,220,101-1000,VCS,39,Community Structure,General
The importance of social network structure in the open source software developer community,Matthew Van Antwerp;Gregory Madey,HICSS,antwerp2010importance,2010,129468,>100,73828,10001-100000,VCS,32,Community Structure,General
Trust issues in open source software development,Heikki Orsila;Jaco Geldenhuys;Anna Ruokonen;Imed Hammouda,WUP,orsila2009trust,2009,1,1,172,101-1000,VCS,8,Collaboration Behavior,Problems
Mining email archives and simulating the dynamics of open-source project developer networks,Liguo Yu;Srini Ramaswamy;Chuanlei Zhang,EOMAS,yu2008mining,2008,3,2-5,2123,1001-10000,ML,12,Community Structure,Simulation
The social side of software engineering-A real ad hoc collaboration network,Sebastian Cherry;Pierre N. Robillard,International Journal of Human-Computer Studies,cherry2008social,2008,1,1,4,1-10,Survey,27,Community Structure,General
Recommending collaboration with social networks: A comparative evaluation,David W. McDonald,CHI,mcdonald2003recommending,2003,1,1,Missing,Missing,Survey,226,Prediction,Developers for Tasks in General
Beyond Technical Aspects: How Do Community Smells Influence the Intensity of Code Smells,Fabio Palomba;Damian A. Tamburri;Francesca Arcelli Fontana;Rocco Oliveto;Andy Zaidman;Alexandre Serebrenik,TSE,palomba2018beyond,2018,9,6-10,48,11-100,VCS,16,Community Structure,Community Smells
Discovering community patterns in open-source: a systematic approach and its evaluation,Damian A. Tamburri;Fabio Palomba;Alexander Serebrenik;Andy Zaidman ,EMSE,tamburri2019discovering,2019,25,11-100,270,101-1000,Forge,11,Community Structure,General
Gender Diversity and Women in Software Teams: How Do They Affect Community Smells?,Gemma Catolino;Fabio Palomba;Damian A. Tamburri;Alexander Serebrenik;Filomena Ferrucci,ICSE,catolino2019gender,2019,25,11-100,Missing,Missing,Forge,12,Community Structure,Community Smells